,Fixed Effect Estimate,Fixed Effect SE,Fixed Effect P,Mixed Effect Estimate,Mixed Effect FDR,Mixed Effect SE,Mixed Effect P,I2-heterogeneity,I2 P,UKBBN Estimate,UKBBN SE,UKBBN T,UKBBN P,NBB Estimate,NBB SE,NBB T,NBB P,BDR Estimate,BDR SE,BDR T,BDR P,CHR,MAPINFO,UCSC_RefGene_Name
cg13847853,0.002198705,0.000326566,1.66414067402396e-11,0.001373407,1.28856076530349e-05,0.001102538,0.212882736,0.656255653,0.054522667,0.002481706,0.000380277,6.52605492,1.99601068555875e-10,0.001866787,0.000681193,2.740467485,0.006498041,-0.00184983,0.001805686,-1.024446877,0.308310407,17,39696336,
cg08577553,0.00161068,0.000285938,1.77139086368237e-08,0.00161068,0.006009732,0.000285938,1.77139086368237e-08,0,0.7159889,0.001635147,0.000344721,4.743388259,2.90623516638042e-06,0.00140849,0.000543854,2.589829318,0.010064682,0.002709564,0.001516706,1.786479656,0.07731571,1,28520392,PTAFR
cg27481153,0.001596749,0.000285867,2.32842109959966e-08,0.001647977,0.006009732,0.000367035,7.12310031540849e-06,0.060393275,0.344977854,0.001485979,0.000343664,4.323932243,1.92667497662019e-05,0.001624914,0.000540771,3.004812357,0.002878654,0.003999304,0.001689618,2.366987276,0.020029441,11,122587207,UBASH3B
cg04321317,0.001858957,0.000356161,1.7947012926233e-07,0.001858957,0.025419509,0.000356161,1.7947012926233e-07,0,0.758928468,0.002002671,0.000410845,4.874512775,1.56222021049361e-06,0.001480905,0.000751328,1.971049817,0.049625,0.000889487,0.002309916,0.385073182,0.701072012,1,111068295,
cg13650687,0.002151083,0.000413703,1.99731375921168e-07,0.002151083,0.025419509,0.000413703,1.99731375921168e-07,0,0.52373068,0.001933945,0.000529672,3.651215134,0.00029478,0.002309732,0.000690577,3.344638816,0.000927137,0.004581912,0.002346989,1.952250991,0.05394883,10,71655974,COL13A1
cg06441533,-0.002358522,0.000455309,2.21830765047142e-07,-0.002358522,0.025419509,0.000455309,2.21830765047142e-07,0,0.960795969,-0.00227307,0.000578035,-3.932405386,9.87278084077205e-05,-0.002534678,0.000778165,-3.257249621,0.001252232,-0.002162629,0.002360494,-0.916176545,0.361969618,14,65409905,GPX2;CHURC1-FNTB
cg25194322,0.001613266,0.000311835,2.29800160171014e-07,0.001620891,0.025419509,0.00033057,9.42280131837747e-07,0,0.37995133,0.001479223,0.000362547,4.080083481,5.41159080999853e-05,0.002252036,0.000648697,3.471633151,0.000592275,-5.10E-05,0.001827791,-0.027916181,0.97778947,1,166131844,FAM78B
cg05523624,0.002156901,0.000419861,2.78892982139498e-07,0.002277611,0.026993703,0.000574176,7.28603392413085e-05,0,0.408465974,0.001793672,0.000499962,3.587612861,0.000374029,0.003026969,0.000807708,3.747603468,0.000213624,0.003014791,0.002679623,1.125080311,0.263481674,6,146679657,GRM
cg22230400,0.001714462,0.000335367,3.18443606469222e-07,0.001714462,0.027397119,0.000335367,3.18443606469222e-07,0,0.619979283,0.001634306,0.000399806,4.087752691,5.24260839922407e-05,0.002062038,0.000640032,3.221772747,0.00141218,-7.51E-05,0.002270858,-0.0330692,0.973691044,15,67016445,SMAD6
cg10654443,-0.001757363,0.000345271,3.58424215925704e-07,-0.001757363,0.027753145,0.000345271,3.58424215925704e-07,0,0.900874351,-0.001854087,0.000426228,-4.349985495,1.72035215618769e-05,-0.001535437,0.000608561,-2.52306093,0.012143709,-0.00212095,0.002332651,-0.909244244,0.365597069,16,69814429,WWP2
cg11862421,-0.002105264,0.000416302,4.2576656580491e-07,-0.002105264,0.028731907,0.000416302,4.2576656580491e-07,0,0.595416197,-0.002002226,0.000519361,-3.855175614,0.000134219,-0.002083219,0.00072878,-2.858501781,0.004550547,-0.004458753,0.002357365,-1.891413782,0.061715163,11,18726558,IGSF22
cg16262110,-0.002580218,0.000511153,4.46829627038465e-07,-0.002468806,0.028731907,0.00099882,0.013446345,0.567228837,0.099192785,-0.002121579,0.000643154,-3.298710526,0.001056099,-0.003947842,0.000901955,-4.37698464,1.65663906200479e-05,0.00058872,0.002353034,0.250195966,0.802993661,14,105909203,MTA1
cg05000435,0.001326766,0.000263603,4.82384041666595e-07,0.001326766,0.028731907,0.000263603,4.82384041666595e-07,0,0.65114206,0.001480038,0.000319973,4.625507989,5.01785150365536e-06,0.000934199,0.000499163,1.871531159,0.062231727,0.001455345,0.00127982,1.137148029,0.258429496,9,130610943,ENG
cg11231069,-0.001832798,0.000369464,7.02402721128648e-07,-0.001832798,0.037956621,0.000369464,7.02402721128648e-07,0,0.572757291,-0.001634363,0.000417021,-3.919138185,0.000104114,-0.002466905,0.000875156,-2.81881661,0.005136337,-0.002992665,0.001924656,-1.554908778,0.123401272,2,240225142,HDAC4
cg08416530,0.001780815,0.00035963,7.35298922552573e-07,0.001780815,0.037956621,0.00035963,7.35298922552573e-07,0,0.546037604,0.001864672,0.000423216,4.405963619,1.34616875385733e-05,0.001372388,0.00070664,1.942132196,0.053044537,0.004173399,0.002615499,1.595641595,0.113998432,9,139588401,
cg09966204,-0.0064946,0.001320894,8.79615641495763e-07,-0.0064946,0.042568449,0.001320894,8.79615641495763e-07,0,0.690568794,-0.005641264,0.001710098,-3.298795519,0.001055788,-0.008058155,0.002250086,-3.581265182,0.000397967,-0.005988933,0.005448805,-1.099127672,0.274580364,13,109741117,MYO16
cg08924230,0.001855656,0.000378631,9.53669186453634e-07,0.001855656,0.043186198,0.000378631,9.53669186453634e-07,0,0.586933607,0.002092367,0.00044266,4.72680771,3.14043092913174e-06,0.001213189,0.00076438,1.587155481,0.113516972,0.00117987,0.002496421,0.47262461,0.637600312,7,157934500,PTPRN2
cg10604836,-0.002401724,0.000491063,1.00392809751266e-06,-0.002455641,0.043186198,0.000558152,1.08452592307132e-05,0,0.434966223,-0.002125237,0.000584251,-3.637541083,0.000310353,-0.002720359,0.000977091,-2.784140228,0.005703385,-0.005204309,0.002425886,-2.145323147,0.034560669,1,28718715,PHACTR4
cg22516725,-0.002329367,0.000477433,1.06657615925947e-06,-0.002951188,0.043466347,0.001299604,0.02315692,0.775615355,0.01160136,-0.001245551,0.000599812,-2.076569332,0.038463697,-0.004188696,0.000832762,-5.029881452,8.40697655899175e-07,-0.004330733,0.002457523,-1.762234862,0.081351024,16,79071140,WWOX
cg20472296,0.002062669,0.000424516,1.18054424559204e-06,0.002160257,0.045705361,0.000522413,3.54727002760072e-05,0.003569967,0.366563777,0.001737067,0.00049374,3.518184228,0.000483141,0.002819623,0.000878921,3.208051885,0.001478966,0.004397193,0.002561613,1.716571597,0.089422687,10,5586551,
cg21912448,-0.002895261,0.000597679,1.27139740921614e-06,-0.004064978,0.046878844,0.001779062,0.022318694,0.548712095,0.109057464,-0.002509492,0.000684441,-3.666486348,0.000278258,-0.003337589,0.001307442,-2.552762971,0.011175728,-0.009977717,0.003541393,-2.817455864,0.005924512,1,8727007,RERE
cg02560754,0.001257549,0.00026093,1.43922600301851e-06,0.001257549,0.049183187,0.00026093,1.43922600301851e-06,0,0.796417688,0.001206527,0.000295389,4.084541436,5.31274485376651e-05,0.001523871,0.000576686,2.642461521,0.008656809,0.000275561,0.002131963,0.12925246,0.897440046,22,41910432,ACO2
cg12922664,-0.002220027,0.000460921,1.46093076111035e-06,-0.002220027,0.049183187,0.000460921,1.46093076111035e-06,0,0.722715337,-0.002490978,0.000572285,-4.352685665,1.70022030790529e-05,-0.001700412,0.000798371,-2.129853155,0.033986723,-0.002077501,0.003433665,-0.605038838,0.546642695,15,31341464,TRPM1
